Id,CitizenNumber,FirstName,LastName
3480db47-74f9-4153-b278-12be315c246a, 00000, Hanna, White,
1f3aafbe-35a2-4e7b-aed0-7b105e6c63b8, 00001, Mia, Me,
9d307b16-1977-424b-abf2-8acce66aa9f5, 00005, Xalynie, Resident,
0fcc776b-c224-4194-a5c1-a3a954079ce5, 00051, Lelyia, van Suckermouth,
0759a0bc-5776-44fd-9488-792904f087f3, 01000, Alicia, Clement,
1166e041-0c49-4286-ba95-6ad174847834, 02246, Kety, Hearths,
3611d5f1-fa4c-41aa-a2b6-a502622f13ef, 02708, Ethon, Le Fay,
ad36c549-f13d-49fb-a873-5fa4abd2006c, 02973, Becca, Angstrom,
9a5fce77-e7c1-4e81-a302-5dcff70cf4db, 03186, Kitsune, Vortex,
13252436-6089-4f65-921d-540c416fdc06, 00369, Xen, Resident,
6a3bfb5f-a888-4deb-bc84-f1ea4d663435, 03099, Kuroi, Tatsu,
17b113a5-d6e2-4cf5-9276-7c85df9818c2, 99999, Gladys, Lidell,
929636b3-1cdd-41db-b72b-08235a8685a2, 03023, Simona, Anghel,